address_line_1|name|city|zip_code|state
P.O. Box 706, 7365 Nonummy Street|Hiram Young|Marcq-en-Baroeul||Nord-Pas de Calais
563 Augue, Av.|Boris Stevenson|Hofstade||Oost-Vlaanderen
P.O. Box 233, 9463 Tortor. Street|Theodore Mcmahon|Mal||Waals-Brabant
4345 Porta Ave|Kamal Oconnor|São Luís||MA
1566 Cursus Street|Knox Baxter|Bellevue||NE
2359 Venenatis Road|Bruce Baker|Lower Hutt||North Island
Ap #179-3999 Nec Av.|Vernon Howard|Port Pirie||SA
440-4243 Elementum Street|Hayes Montgomery|Wasseiges||Luik
753-5737 Quis, Road|Conan May|Heerenveen||Friesland
6441 Semper Av.|Hilel Lott|Cirencester||Gloucestershire
808 Morbi St.|Geoffrey Bradford|Cametá||PA
720-4866 Quam St.|Allistair Cummings|Salvador||Bahia
168-9604 Nunc St.|Gavin James|Vienna||Wi
7214 Curabitur St.|Dieter Gardner|Denbigh||Denbighshire
P.O. Box 503, 9205 Sed, Rd.|Cade Cox|Darwin||NT
2729 Imperdiet Avenue|Colt Cross|Paal||L.
7965 Vivamus Ave|Cole Reynolds|Vaux-lez-Rosieres||LX
4499 Cursus. Rd.|Ryder Calhoun|Dunfermline||Fife
597-7855 Sem Av.|Russell Ellison|Blue Mountains||NS
Ap #477-9815 Ante. Av.|Bruno Snow|Noisy-le-Grand||Îl
4614 Convallis Av.|Dale Gates|Adelaide||South Australia
235-8301 Commodo Avenue|Zeus Mathis|Zwolle||Overijssel
Ap #147-4683 Morbi St.|Zeph Hanson|Blue Mountains||NS
Ap #733-5675 Mauris Ave|Jonas Evans|Hamburg||HH
626-9889 Lacus Avenue|Ulric Mccarty|Wedel||SH
P.O. Box 651, 5929 Fringilla, Av.|Chadwick Stark|Lisieux||Lo
P.O. Box 572, 4091 Aliquam Ave|Talon Strickland|Aschersleben||ST
Ap #242-3883 Nibh. Av.|Jack Hahn|Paradise||NL
P.O. Box 395, 7034 Faucibus Avenue|Troy Burgess|Mount Gambier||South Australia
6883 Elit Av.|Linus Hall|Palmerston||Northern Territory
541-7215 Eget Rd.|Edward Adams|Caxias do Sul||Rio Grande do Sul
Ap #462-2978 Nonummy. St.|Joseph Curry|Juiz de Fora||Minas Gerais
8839 Ornare St.|Lamar Mullins|Cherbourg-Octeville||Lo
P.O. Box 794, 4070 Vitae, St.|Justin Woodward|Homburg||Saarland
Ap #346-6878 Neque. St.|Garth Dillon|Cambridge||Massachusetts
396 Magnis St.|Keegan Sweet|Armidale||New South Wales
786 Montes, Rd.|Reece Anthony|Flin Flon||Manitoba
P.O. Box 746, 3400 Vehicula Road|Hamish Wagner|Mesa||Arizona
5018 Accumsan Rd.|Burke Winters|Neuwied||Rhineland-Palatinate
319-5096 Eros Avenue|Chandler Cross|Montague||Prince Edward Island
Ap #994-2996 Lacus. Avenue|Branden Mccarty|Ajaccio||Co
Ap #881-4113 Cum St.|Myles Oconnor|Cardiff||GL
705-7185 Quis Rd.|Norman Powell|Brodick||BU
392-8968 Pellentesque St.|Vaughan Schroeder|Águas Lindas de Goiás||GO
6636 Dolor. Street|Barry Riggs|Penzance||Cornwall
Ap #402-8377 Purus, Street|Julian Dunn|Springfield||IL
Ap #196-9138 Nulla St.|Cade Olsen|Berlin||Berlin
Ap #813-8238 Nulla. St.|Chandler Berger|Te Puke||NI
7220 Sem Rd.|Barclay Hooper|Oban||AR
156-9526 Ac, Avenue|Clinton Hester|Blue Mountains||NS
4882 Augue Av.|Cole Bonner|Ashburton||South Island
Ap #910-1821 Lacus St.|Raphael Fuller|Kerkhove||WV
P.O. Box 243, 8501 Cursus. St.|Ivan Perkins|Bridgeport||CT
341-2949 Dignissim. St.|Francis Harris|Remagne||LX
Ap #538-2178 A, Road|Elton Adkins|Levin||NI
6127 Lacus. Av.|Reed Carter|Mulhouse||Al
7640 Nec Ave|Nathaniel Cole|Gravataí||Rio Grande do Sul
Ap #243-1021 Vestibulum Rd.|Finn Frederick|Dunedin||South Island
727-6319 Dolor, St.|Magee Andrews|Queenstown||South Island
759-8461 Diam. Avenue|Tanek Hess|Darwin||Northern Territory
Ap #589-620 Tortor Road|Nolan Dominguez|Victor Harbor||SA
Ap #814-6004 Nisl. Rd.|Mason Faulkner|Saint-Denis-Bovesse||NA
638-7115 Ipsum Ave|Colton Yates|Feldkirchen in Kärnten||Carinthia
939-1641 Non Rd.|Thor May|Abergele||Denbighshire
3389 Quisque St.|Hammett Richard|Vitrolles||Pr
533-7552 Phasellus Rd.|Ethan Fry|Bristol||Gloucestershire
P.O. Box 243, 3851 Ac, Rd.|Hashim Dunn|Melton||Victoria
184-771 Nulla Ave|Adrian Hale|Vienna||Wi
P.O. Box 647, 7261 Tincidunt Rd.|Dieter Williamson|Picton||South Island
6109 Ligula Rd.|Stewart Levine|Fort Providence||NT
Ap #726-2099 Ligula. Avenue|Samson Hubbard|Dole||Franche-Comté
P.O. Box 692, 5449 Libero St.|Carter Miller|Baden-Baden||BW
P.O. Box 840, 6796 Duis Road|Hayden Lott|Temuka||SI
P.O. Box 660, 4419 Lectus Ave|Tanek Lamb|Lelystad||Fl
Ap #545-5343 Tincidunt Road|Dolan Hall|Hattiesburg||Mississippi
P.O. Box 811, 7338 Maecenas Rd.|Devin Nelson|Sale||VI
P.O. Box 240, 3316 Eget, Road|Lawrence Weeks|Lillois-Witterz||Waals-Brabant
3660 Libero Rd.|Abraham Chandler|Cessnock||NS
908-9675 Diam St.|Cadman Nunez|Hasselt||L.
Ap #120-3511 Suscipit Avenue|Lee Cohen|Camaçari||BA
Ap #397-2114 Neque Av.|Quinn Chaney|Duisburg||North Rhine-Westphalia
Ap #356-3938 Amet St.|Nehru Whitney|Speyer||Rhineland-Palatinate
487-3877 Magna, Road|Murphy Vaughan|Dieppe||Up
957-9812 Laoreet Rd.|Elliott Delaney|Balclutha||South Island
Ap #262-9868 Ut Rd.|Galvin Humphrey|Balclutha||South Island
Ap #668-4901 Semper Rd.|Hammett Kerr|Lorient||Brittany
5510 Enim, Road|Rafael Preston|Angleur||LU
Ap #228-3979 Diam Ave|Caleb Matthews|Te Awamutu||NI
657-7849 Risus Rd.|Warren Casey|Bremerhaven||HB
3928 Suspendisse Rd.|Zane Myers|San Diego||California
P.O. Box 259, 3325 Ipsum. Av.|Ross Francis|Vienna||Vienna
Ap #712-6735 Ac St.|Rigel Flores|Victor Harbor||SA
892-6231 Sit Rd.|Kuame Blackburn|Bridge of Allan||Stirlingshire
779-2589 Vulputate, Avenue|Hamilton Sampson|Bolinne||NA
5105 Rutrum. Rd.|Drake Dixon|Slough||Buckinghamshire
2925 Molestie Ave|Jasper Stewart|Knoxville||TN
Ap #391-6516 Montes, Av.|Cairo Matthews|Dornbirn||Vorarlberg
104 Lorem Av.|Grady Crawford|Nordhorn||NI
636-9188 Suspendisse Rd.|Anthony Reed|Swansea||GL
P.O. Box 254, 6722 Ut Street|Jerome Crane|Itajaí||SC